Address,Price,Beds,Baths,Days Listed,Type,Agent,Agency,URL
"19-21 Pond St, Watertown, MA 02472","$999,900",4,2,4 days,Multi-Family (2-4 Unit),Ellen Bartnicki, • RE/MAX Encore ,https://www.redfin.com/MA/Watertown/19-Pond-St-02472/home/11683482
"15 Partridge, Watertown, MA 02472","$1,095,000",3,2.5,5 days,Single Family Residential,Bob Airasian, • Coldwell Banker Realty - Belmont ,https://www.redfin.com/MA/Watertown/15-Partridge-St-02472/home/11693800
"131 Coolidge Ave #421, Watertown, MA 02472","$389,000",1,1,5 days,Condo,Kathleen Alexander - Creative Living Te, • Keller Williams Realty Boston-Metro | Back Bay ,https://www.redfin.com/MA/Watertown/131-Coolidge-Ave-02472/unit-421/home/11702438
"197 Boylston St #197, Watertown, MA 02472","$719,000",2,2,6 days,Condo,Bob Airasian, • Coldwell Banker Realty - Belmont ,https://www.redfin.com/MA/Watertown/197-Boylston-St-02472/unit-197/home/183737326
"23-21 Conant Rd #21, Watertown, MA 02472","$1,695,000",4,4,6 days,Townhouse,Ari Koufos, • Realty Executives ,https://www.redfin.com/MA/Watertown/23-Conant-Rd-02472/unit-21/home/183735194
"804 Belmont St #1, Watertown, MA 02472","$1,399,000",3,2.5,12 days,Single Family Residential,Cutter Luxe Living, • Compass ,https://www.redfin.com/MA/Watertown/804-Belmont-St-02472/unit-1/home/182190718
"194 Lexington St #1, Watertown, MA 02472","$369,900",2,1,17 days,Condo,Lori Orchanian, • Coldwell Banker Realty - Belmont ,https://www.redfin.com/MA/Watertown/194-Lexington-St-02472/unit-1/home/11690433
"51 Quirk St #1, Watertown, MA 02472","$1,075,000",3,3.5,31 days,Townhouse,Mike DelRose Real Estate Team, • RE/MAX Revolution ,https://www.redfin.com/MA/Watertown/51-Quirk-St-02472/unit-1/home/183377855
"122-124 Spruce St #124, Watertown, MA 02472","$785,000",4,2,32 days,Condo,Jennifer Stein," • HomeLister, Inc. ",https://www.redfin.com/MA/Watertown/122-Spruce-St-02472/unit-124/home/183367331
"41 Charles #2, Watertown, MA 02472","$715,000",3,2,39 days,Condo,Kerrianne Ciccone, • William Raveis R. E. & Home Services ,https://www.redfin.com/MA/Watertown/41-Charles-St-02472/unit-2/home/183235196
"70 Springfield St, Watertown, MA 02472","$1,749,000",4,2.5,40 days,Single Family Residential,Magali Muller, • Coldwell Banker Realty - Belmont ,https://www.redfin.com/MA/Watertown/70-Springfield-St-02472/home/11685882
"82 Hovey St, Watertown, MA 02472","$1,850,000",4,4.5,44 days,Single Family Residential,Julie Ilyas, • J.M.I. Investment Properties ,https://www.redfin.com/MA/Watertown/82-Hovey-St-02472/home/183162681
"174 Orchard #174, Watertown, MA 02472","$980,100",4,2,45 days,Condo,Olga Ban, • Luxury Realty Partners ,https://www.redfin.com/MA/Watertown/174-Orchard-St-02472/unit-174/home/182862851
"23-25 Molloy, Watertown, MA 02472","$1,874,900",5,6,59 days,Multi-Family (2-4 Unit),Peter Tzannos, • RE/MAX On the Charles ,https://www.redfin.com/MA/Watertown/23-Molloy-St-02472/home/11703425
"358 Lexington St #358, Watertown, MA 02472","$469,000",2,1,68 days,Townhouse,Johnston Lynch Group, • Dwell360 ,https://www.redfin.com/MA/Watertown/358-Lexington-St-02472/unit-358/home/136849875
"98 Walnut St, Watertown, MA 02472","$885,500",4,2,69 days,Multi-Family (2-4 Unit),The Madden Team, • Berkshire Hathaway HomeServices Commonwealth Real Estate ,https://www.redfin.com/MA/Watertown/98-Walnut-St-02472/home/11697875
"21 Waverley Ave #21, Watertown, MA 02472","$845,000",3,2.5,75 days,Townhouse,Dino Confalone, • Gibson Sotheby's International Realty ,https://www.redfin.com/MA/Watertown/21-Waverley-Ave-02472/unit-21/home/165608273
"286 School St, Watertown, MA 02472","$975,000",4,2,96 days,Multi-Family (2-4 Unit),Hickman - Coen Home Team, • William Raveis R. E. & Home Services ,https://www.redfin.com/MA/Watertown/286-School-St-02472/home/11699194
"32 Whites Ave Unit D77, Watertown, MA 02472","$450,000",2,1,100 days,Condo,Kelly Dimbat," • Lamacchia Realty, Inc. ",https://www.redfin.com/MA/Watertown/32-Whites-Ave-02472/unit-D77/home/11704958
"4 Repton Cir #4412, Watertown, MA 02472","$489,900",1,1,105 days,Condo,Gary Luongo, • RE/MAX Destiny ,https://www.redfin.com/MA/Watertown/4-Repton-Pl-02472/unit-4412/home/18977081
"39 French St #39, Watertown, MA 02472","$1,395,000",4,4,172 days,Townhouse,Jim & Mike Savas Team, • Berkshire Hathaway HomeServices Commonwealth Real Estate ,https://www.redfin.com/MA/Watertown/39-French-St-02472/unit-39/home/180705116
"21 Waltham St #21, Watertown, MA 02472","$844,000",4,3,279 days,Townhouse,Vanessa Nixon, • Nixon Homes LTD ,https://www.redfin.com/MA/Watertown/21-Waltham-St-02472/unit-21/home/178234540
"137 Temple Rd, Waltham, MA 02452","$647,900",3,1.5,4 days,Single Family Residential,Sylvia Eng, • Diane Griffin Real Estate ,https://www.redfin.com/MA/Waltham/137-Temple-Rd-02452/home/11803838
"12 Jacqueline Rd Unit C, Waltham, MA 02452","$429,000",2,1,4 days,Condo,Andrew DiDuca, • RE/MAX Select Realty ,https://www.redfin.com/MA/Waltham/12-Jacqueline-Rd-02452/unit-C/home/11800916
"107 Clocktower Dr #407, Waltham, MA 02451","$519,000",1,1,12 days,Condo,Gayle Winters, • Compass ,https://www.redfin.com/MA/Waltham/107-Clocktower-Dr-02452/unit-407/home/18960486
"440 Trapelo Rd, Waltham, MA 02452","$930,000",3,1.5,41 days,Single Family Residential,Maria Leblanc," • Lamacchia Realty, Inc. ",https://www.redfin.com/MA/Waltham/440-Trapelo-Rd-02452/home/11804194
"48 Valley View Rd, Waltham, MA 02452","$1,995,900",5,4.5,75 days,Single Family Residential,Raffaele Bibbo, • Modern Dollhouse ,https://www.redfin.com/MA/Waltham/48-Valley-View-Rd-02452/home/182595560
"1105 Lexington St Unit 10-2, Waltham, MA 02452","$354,999",2,1,91 days,Condo,Brian Fitzpatrick, • Coldwell Banker Realty - Waltham ,https://www.redfin.com/MA/Waltham/1105-Lexington-St-02452/unit-10-2/home/11800697
"19 Arcadia, Waltham, MA 02452","$1,099,000",3,3.5,95 days,Single Family Residential,Cheryl Peters, • ERA Key Realty Services ,https://www.redfin.com/MA/Waltham/19-Arcadia-Ave-02452/home/130722860
"117 Pigeon Ln, Waltham, MA 02452","$2,499,900",5,6,123 days,Single Family Residential,Lisa Dallaire, • Berkshire Hathaway HomeServices Commonwealth Real Estate ,https://www.redfin.com/MA/Waltham/117-Pigeon-Ln-02452/home/11804632
"26 Brookfield Rd, Waltham, MA 02452","$1,550,000",5,3.5,202 days,Single Family Residential,Dave White, • OwnerEntry.com ,https://www.redfin.com/MA/Waltham/26-Brookfield-Rd-02452/home/168657662
"243 Rutledge Rd, Belmont, MA 02478","$1,395,000",3,2.5,4 days,Single Family Residential,Lynn MacDonald, • Coldwell Banker Realty - Belmont ,https://www.redfin.com/MA/Belmont/243-Rutledge-Rd-02478/home/8453575
"114 White St, Belmont, MA 02478","$1,200,000",6,3,11 days,Multi-Family (2-4 Unit),Michael Austin, • Austin Realty Group ,https://www.redfin.com/MA/Belmont/114-White-St-02478/home/8441217
"231 Orchard St, Belmont, MA 02478","$1,949,000",5,4,11 days,Single Family Residential,Team Murray, • Gibson Sotheby's International Realty ,https://www.redfin.com/MA/Belmont/231-Orchard-St-02478/home/8439725
"54 Worcester #54, Belmont, MA 02478","$699,900",2,1,12 days,Condo,Candor Realty Group," • Four Points Real Estate, LLC ",https://www.redfin.com/MA/Belmont/54-Worcester-St-02478/unit-54/home/183651272
"52 Worcester St #52, Belmont, MA 02478","$599,900",2,1,12 days,Condo,Candor Realty Group," • Four Points Real Estate, LLC ",https://www.redfin.com/MA/Belmont/52-Worcester-St-02478/unit-52/home/183651051
"87-89 Grove St, Belmont, MA 02478","$1,250,000",7,3,12 days,Multi-Family (2-4 Unit),Lori Orchanian, • Coldwell Banker Realty - Belmont ,https://www.redfin.com/MA/Belmont/87-Grove-St-02478/home/8428618
"39 Gorham Rd, Belmont, MA 02478","$998,900",4,1,31 days,Single Family Residential,Marjorie Kern, • Unlimited Sotheby's International Realty ,https://www.redfin.com/MA/Belmont/39-Gorham-Rd-02478/home/8428690
"20 Moraine St #3, Belmont, MA 02478","$569,900",3,2,40 days,Condo,Team Pratt, • RE/MAX On the Charles ,https://www.redfin.com/MA/Belmont/20-Moraine-St-02478/unit-3/home/160585039
"54 Worcester, Belmont, MA 02478","$1,270,000",4,2,48 days,Multi-Family (2-4 Unit),Candor Realty Group," • Four Points Real Estate, LLC ",https://www.redfin.com/MA/Belmont/54-Worcester-St-02478/home/8421944
"81 Hull St #81, Belmont, MA 02478","$985,000",3,2,80 days,Condo,Robin Doherty, • Keller Williams Realty Boston Northwest ,https://www.redfin.com/MA/Belmont/81-Hull-St-02478/unit-81/home/182529762
"79 Hull St #79, Belmont, MA 02478","$975,000",3,2,80 days,Condo,Robin Doherty, • Keller Williams Realty Boston Northwest ,https://www.redfin.com/MA/Belmont/79-Hull-St-02478/unit-79/home/182529733
"39 Clover St, Belmont, MA 02478","$3,165,000",5,6.5,87 days,Single Family Residential,Michael Harper, • MGS Group Real Estate LTD - Wellesley ,https://www.redfin.com/MA/Belmont/39-Clover-St-02478/home/8439251
"11 Benton Rd, Belmont, MA 02478","$2,350,000",5,3.5,89 days,Single Family Residential,Mike DelRose Real Estate Team, • RE/MAX Revolution ,https://www.redfin.com/MA/Belmont/11-Benton-Rd-02478/home/8422946
"28 Tyler Rd, Belmont, MA 02478","$3,250,000",4,4.5,109 days,Single Family Residential,Peter Bouchie, • Coldwell Banker Realty - Belmont ,https://www.redfin.com/MA/Belmont/28-Tyler-Rd-02478/home/8454071
"8 Saint James Ct, Belmont, MA 02478","$4,200,000",6,8,228 days,Single Family Residential,Susan Condrick, • Gibson Sotheby's International Realty ,https://www.redfin.com/MA/Belmont/8-St-James-Ct-02478/home/144770277
"89 Fletcher Rd, Belmont, MA 02478","$3,695,000",6,6.5,610 days,Single Family Residential,Carolyn Boyle, • Gibson Sotheby's International Realty ,https://www.redfin.com/MA/Belmont/89-Fletcher-Rd-02478/home/11547356
"11 Thornton St, Newton, MA 02458","$875,000",3,2,4 days,Multi-Family (2-4 Unit),Fleet Homes Group, • Keller Williams Realty ,https://www.redfin.com/MA/Newton/11-Thornton-St-02458/home/11410520
"14 Quirk Ct, Newton, MA 02458","$698,000",3,1.5,10 days,Single Family Residential,Victor Lu, • V & E Realty ,https://www.redfin.com/MA/Newton/14-Quirk-Ct-02458/home/11415181
"75 Huntington Rd, Newton, MA 02458","$3,790,000",7,5,10 days,Single Family Residential,Esin Susol Team, • William Raveis R. E. & Home Services ,https://www.redfin.com/MA/Newton/75-Huntington-Rd-02458/home/11474239
"73 Charlesbank Rd #303, Newton, MA 02458","$399,900",1,1,12 days,Condo,Brian Fitzpatrick, • Coldwell Banker Realty - Waltham ,https://www.redfin.com/MA/Newton/73-Charlesbank-Rd-02458/unit-303/home/11470960
"38 Richardson St #3, Newton, MA 02458","$1,190,000",3,3.5,13 days,Townhouse,Alena Shulakova, • Century 21 North East ,https://www.redfin.com/MA/Newton/38-Richardson-St-02458/unit-3/home/183627942
"38 Richardson St, Newton, MA 02458","$3,399,000",9,9.5,13 days,Multi-Family (2-4 Unit),Alena Shulakova, • Century 21 North East ,https://www.redfin.com/MA/Newton/38-Richardson-St-02458/home/11410648
"66-68 Lincoln Rd, Newton, MA 02458","$1,298,500",6,2,19 days,Multi-Family (2-4 Unit),Logan Lanciloti-Stark, • Kraft Fine Homes ,https://www.redfin.com/MA/Newton/66-Lincoln-Rd-02458/home/11415722
"105 Eldredge St, Newton, MA 02458","$2,399,000",6,3.5,38 days,Single Family Residential,Mary Kelleher, • Gibson Sotheby's International Realty ,https://www.redfin.com/MA/Newton/105-Eldredge-St-02458/home/11472407
"92 Chapel St Unit A, Newton, MA 02458","$1,550,000",4,3.5,40 days,Single Family Residential,Ben Resnicow, • Commonwealth Standard Realty Advisors ,https://www.redfin.com/MA/Newton/92-Chapel-St-02458/unit-A/home/183201916
"21 Durant St, Newton, MA 02458","$1,999,000",4,4,65 days,Single Family Residential,Shane Marrion," • Benoit Real Estate Group ,LLC ",https://www.redfin.com/MA/Newton/21-Durant-St-02458/home/11472884
"37-39 Faxon St, Newton, MA 02458","$1,850,000",8,3,82 days,Multi-Family (2-4 Unit),Todd Anzlovar, • Coldwell Banker Realty - Boston ,https://www.redfin.com/MA/Newton/37-Faxon-St-02458/home/11408396
"642 Centre St, Newton, MA 02458","$2,198,000",5,5.5,89 days,Single Family Residential,John Saleh, • Centre Realty Group ,https://www.redfin.com/MA/Newton/642-Centre-St-02458/home/11473565
"264 Pearl St #2, Newton, MA 02458","$1,380,000",3,2.5,96 days,Townhouse,The Jeff Groper Group, • Coldwell Banker Realty - Newton ,https://www.redfin.com/MA/Newton/264-Pearl-St-02458/unit-2/home/182280537
"73 Charlesbank Rd #306, Newton, MA 02458","$485,000",2,1.5,117 days,Condo,Yukiko Oyama-Morris," • Oyama Investments, Ltd. ",https://www.redfin.com/MA/Newton/73-Charlesbank-Rd-02458/unit-306/home/11470968
"45 Claremont St, Newton, MA 02458","$5,980,000",7,8,149 days,Single Family Residential,The Matskevich Group, • William Raveis R.E. & Home Services ,https://www.redfin.com/MA/Newton/45-Claremont-St-02458/home/11412202
"102 Hunnewell Ave, Newton, MA 02458","$1,794,000",6,3.5,178 days,Single Family Residential,Emello and Pagani, • Keller Williams Realty ,https://www.redfin.com/MA/Newton/102-Hunnewell-Ave-02458/home/11471572
"0 Huntington Rd, Newton, MA 02458","$1,850,000",—,—,208 days,Vacant Land,Lisa Couture, • LAER Realty Partners ,https://www.redfin.com/MA/Newton/0-Huntington-Rd-02458/home/183185854
"28-30 Ashmont Ave, Newton, MA 02458",,6,5,"4 full, 2 partial",1988,None,None,https://www.redfin.com/MA/Newton/28-Ashmont-Ave-02458/home/11415458
"34 Tanglewood Rd, Newton, MA 02459","$1,425,000",3,2.5,4 days,Single Family Residential,Natasha Roberts, • Hammond Residential Real Estate ,https://www.redfin.com/MA/NEWTON/34-TANGLEWOOD-RD-02459/home/11482419
"41 Cypress St #2, Newton, MA 02459","$1,598,000",4,3.5,7 days,Single Family Residential,Arman Mavai, • Unlimited Sotheby's International Realty ,https://www.redfin.com/MA/Newton/41-Cypress-St-02459/unit-2/home/161023841
"30 Sumner St #30, Newton, MA 02459","$2,348,000",5,3.5,34 days,Townhouse,The Jeff Groper Group, • Coldwell Banker Realty - Newton ,https://www.redfin.com/MA/Newton/30-Sumner-St-02459/unit-30/home/145592110
"41 Fenno, Newton, MA 02459","$1,749,000",4,2.5,41 days,Single Family Residential,Vineburgh DiMella Team," • Charlesgate Realty Group, llc ",https://www.redfin.com/MA/Newton-Centre/41-Fenno-Rd-02459/home/11465084
"480 Dudley Rd, Newton, MA 02459","$4,490,000",5,5.5,42 days,Single Family Residential,Samantha Stumpo," • New Brook Realty Group, LLC ",https://www.redfin.com/MA/Newton/480-Dudley-Rd-02459/home/11483590
"0 Cummings Rd #76, Newton, MA 02460","$2,350,000",4,4.5,45 days,Single Family Residential,John Arone, • Palmer Russell Company ,https://www.redfin.com/MA/Newton/0-Cummings-Rd-02459/unit-76/home/183149729
"0 Cummings Rd #74, Newton, MA 02460","$2,475,000",5,4.5,45 days,Single Family Residential,John Arone, • Palmer Russell Company ,https://www.redfin.com/MA/Newton/0-Cummings-Rd-02459/unit-74/home/183066678
"315-317 Langley, Newton, MA 02459","$2,950,000",—,—,48 days,Vacant Land,William Senne, • Senne ,https://www.redfin.com/MA/Newton/315-Langley-Rd-02459/home/11470012
"74 Bowen, Newton, MA 02459","$1,450,000",5,2.5,63 days,Single Family Residential,Nicoletta Noor, • Coldwell Banker Realty - Newton ,https://www.redfin.com/MA/Newton-Centre/74-Bowen-St-02459/home/11466376
"391 Dudley Rd, Newton, MA 02459","$3,899,000",5,5.5,75 days,Single Family Residential,Samantha Stumpo," • New Brook Realty Group, LLC ",https://www.redfin.com/MA/Newton/391-Dudley-Rd-02459/home/11483789
"239 Jackson St, Newton, MA 02459","$3,999,999",6,6.5,76 days,Single Family Residential,Leah & Maureen Realty Group, • RE/MAX Preferred Properties ,https://www.redfin.com/MA/Newton-Centre/239-Jackson-St-02459/home/11462153
"21 Tocci Path, Newton, MA 02459","$2,750,000",5,5.5,77 days,Single Family Residential,Rimma Linkova, • LMC Property Group ,https://www.redfin.com/MA/Newton/21-Tocci-Path-02459/home/11500806
"124 Deborah Rd, Newton, MA 02459","$1,895,000",5,4.5,96 days,Single Family Residential,Esin Susol, • William Raveis R. E. & Home Services ,https://www.redfin.com/MA/Newton/124-Deborah-Rd-02459/home/11483959
"350 Boylston St #302, Newton, MA 02459","$1,995,000",2,2.5,105 days,Condo,Jayne Friedberg, • Coldwell Banker Realty - Brookline ,https://www.redfin.com/MA/Newton/350-Boylston-St-02459/unit-302/home/11502710
"26 John St, Newton, MA 02459","$1,888,000",12,6,139 days,Multi-Family (2-4 Unit),Brandon Muroff, • Red Tree Real Estate ,https://www.redfin.com/MA/Newton/26-John-St-02459/home/11468976
"608 Beacon St, Newton, MA 02459","$3,499,000",4,2,143 days,Single Family Residential,Janet Ghazzi, • Coldwell Banker Realty - Newton ,https://www.redfin.com/MA/Newton/608-Beacon-St-02459/home/11466693
"15 Buff Cir, Newton, MA 02459","$6,499,999",6,8,143 days,Single Family Residential,Leah & Maureen Realty Group, • RE/MAX Preferred Properties ,https://www.redfin.com/MA/Newton/15-Buff-Cir-02459/home/11490293
"500 Dudley Rd, Newton, MA 02459","$2,299,000",4,3,190 days,Single Family Residential,Samantha Stumpo," • New Brook Realty Group, LLC ",https://www.redfin.com/MA/Newton/500-Dudley-Rd-02459/home/11483582
"12 Hanson Rd #12, Newton, MA 02459","$1,735,000",3,2.5,200 days,Townhouse,Jeffrey Lieb, • Realty Consultants ,https://www.redfin.com/MA/Newton/12-Hanson-Rd-02459/unit-12/home/180268786
"74 Rachel Rd, Newton, MA 02459","$5,490,000",6,6.5,266 days,Single Family Residential,Deborah Gordon, • Coldwell Banker Realty - Brookline ,https://www.redfin.com/MA/Newton/74-Rachel-Rd-02459/home/11490185
"67 Walnut St #1, Newton, MA 02460","$1,599,000",4,3.5,4 days,Townhouse,The Shahani Group, • Compass ,https://www.redfin.com/MA/Newton/67-Walnut-St-02460/unit-1/home/179396393
"67 Walnut St #3, Newton, MA 02460","$1,550,000",5,4,4 days,Townhouse,The Shahani Group, • Compass ,https://www.redfin.com/MA/Newton/67-Walnut-St-02460/unit-3/home/179838396
"67 Walnut St #2, Newton, MA 02460","$1,599,000",4,3.5,4 days,Condo,The Shahani Group, • Compass ,https://www.redfin.com/MA/Newton/67-Walnut-St-02460/unit-2/home/179596281
"67 Walnut St, Newton, MA 02460","$4,500,000",13,11,4 days,Multi-Family (2-4 Unit),The Shahani Group, • Compass ,https://www.redfin.com/MA/Newton/67-Walnut-St-02460/home/11417336
"361 Linwood Ave Unit A, Newton, MA 02460","$2,675,000",4,4.5,6 days,Single Family Residential,The Sarkis Team, • Douglas Elliman Real Estate - Park Plaza ,https://www.redfin.com/MA/Newton/361-Linwood-Ave-02460/unit-A/home/183738263
"34 Prescott St Unit D, Newton, MA 02460","$759,000",1,1.5,6 days,Townhouse,Christian Murray, • North Corner Realty ,https://www.redfin.com/MA/Newton/34-Prescott-St-02460/unit-D/home/183733182
"34 Prescott St Unit C, Newton, MA 02460","$869,000",2,2.5,6 days,Townhouse,Christian Murray, • North Corner Realty ,https://www.redfin.com/MA/Newton/34-Prescott-St-02460/unit-C/home/183733181
"79 Walnut St #2, Newton, MA 02460","$499,000",2,1,12 days,Condo,Nicole Thomas, • Boston City Properties ,https://www.redfin.com/MA/Newtonville/79-Walnut-St-02460/unit-2/home/11493647
"397 Linwood Ave, Newton, MA 02460","$3,999,000",12,8,13 days,Multi-Family (2-4 Unit),Vahe Haytayan, • Vahe Haytayan ,https://www.redfin.com/MA/Newton/397-Linwood-Ave-02460/home/11417259
"127 Albemarle Rd, Newton, MA 02460","$1,000,000",3,2.5,65 days,Single Family Residential,Sestito Group, • William Raveis R.E. & Home Services ,https://www.redfin.com/MA/Newton/127-Albemarle-Rd-02460/home/11416524
"7 Farwell Cir, Newton, MA 02460","$2,150,000",5,3.5,68 days,Single Family Residential,Shari Jacobson, • Coldwell Banker Realty - Newton ,https://www.redfin.com/MA/Newton/7-Farwell-St-02460/home/175012977
"435 Albemarle Rd, Newton, MA 02460","$1,150,000",3,2,102 days,Single Family Residential,Ed Lyon, • Preservation Properties ,https://www.redfin.com/MA/Newtonville/435-Albemarle-Rd-02460/home/11418380
"70 Walker St Unit 3A, Newton, MA 02460","$2,100,000",4,4,117 days,Single Family Residential,O & C Homes Team, • William Raveis R.E. & Home Services ,https://www.redfin.com/MA/Newtonville/70-Walker-St-02460/unit-3A/home/181486936
"9 Farwell Cir, Newton, MA 02460","$1,000,000",—,—,140 days,Vacant Land,Shari Jacobson, • Coldwell Banker Realty - Newton ,https://www.redfin.com/MA/Newton/9-Farwell-St-02460/home/175012978
"11 Farwell Cir, Newton, MA 02460","$1,000,000",—,—,140 days,Vacant Land,Shari Jacobson, • Coldwell Banker Realty - Newton ,https://www.redfin.com/MA/Newton/11-Farwell-St-02460/home/175012979
"8 Whitney Rd, Newton, MA 02460","$1,699,000",3,3,34 days,Single Family Residential,Ellen Meisel, • Unlimited Sotheby's International Realty ,https://www.redfin.com/MA/Newtonville/8-Whitney-Rd-02460/home/11420852
"4 Hersey St, Newton, MA 02461","$1,099,900",3,1.5,39 days,Single Family Residential,Leah & Maureen Realty Group, • RE/MAX Preferred Properties ,https://www.redfin.com/MA/Newton/4-Hersey-St-02461/home/11487595
"130 Dickerman, Newton, MA 02461","$1,499,000",6,2.5,61 days,Single Family Residential,Radhy Pena, • Pondside Realty ,https://www.redfin.com/MA/Newton/130-Dickerman-Rd-02461/home/11455025
"18 Josselyn Pl #18, Newton, MA 02461","$1,995,000",3,4.5,87 days,Single Family Residential,Stephanie Lau," • Bellafi Real Estate, Inc. ",https://www.redfin.com/MA/Newton/18-Josselyn-Pl-02461/unit-18/home/179809341
"22 Rockland Unit 22-1, Newton, MA 02461","$1,199,000",3,3,102 days,Condo,Kioumars Amini, • Select Realty Associate ,https://www.redfin.com/MA/Newton-Highlands/22-Rockland-St-02461/unit-22-1/home/182163953
"22 Rockland St Unit 22-2, Newton, MA 02461","$1,299,000",4,3,102 days,Condo,Kioumars Amini, • Select Realty Associate ,https://www.redfin.com/MA/Newton-Highlands/22-Rockland-St-02461/unit-22-2/home/182163889
"69 Lincoln St #1, Newton, MA 02461","$2,799,000",5,5.5,131 days,Townhouse,Chris Kostopoulos Group, • Keller Williams Realty ,https://www.redfin.com/MA/Newton-Highlands/69-Lincoln-St-02461/unit-1/home/181492383
"67 Lincoln St #1, Newton, MA 02461","$2,799,000",5,5.5,131 days,Single Family Residential,Chris Kostopoulos Group, • Keller Williams Realty ,https://www.redfin.com/MA/Newton/67-Lincoln-St-02461/unit-1/home/181492339
"30 Columbia Ave #1, Newton, MA 02464","$924,900",3,2.5,81 days,Townhouse,Franddy Aguasvivas, • CVM Realty ,https://www.redfin.com/MA/Newton/30-Columbia-Ave-02461/unit-1/home/11445719
"2323 Washington St Unit 1-5, Newton, MA 02462","$389,900",1,1,67 days,Condo,Thomas Bray, • Big Sky Properties MA ,https://www.redfin.com/MA/Newton-Lower-Falls/2323-Washington-St-02462/unit-1-5/home/11439126
"11 Crehore Dr, Newton, MA 02462","$2,649,000",5,4.5,93 days,Single Family Residential,Derek Greene, • The Greene Realty Group ,https://www.redfin.com/MA/Newton/11-Crehore-Dr-02462/home/11438513
"613 Grove St #1, Newton, MA 02462","$529,900",2,1,128 days,Townhouse,Michael Quinn, • Realty Associates ,https://www.redfin.com/MA/Newton/613-Grove-St-02462/unit-1/home/179514841
"183 Oak St #501, Newton, MA 02464","$700,000",2,2,4 days,Condo,Terry Brown, • Coldwell Banker Realty - Newton ,https://www.redfin.com/MA/Newton-Upper-Falls/183-Oak-St-02464/unit-501/home/11447609
"20 Wetherell St #1, Newton, MA 02464","$1,695,000",5,4.5,81 days,Townhouse,MB Associates, • Coldwell Banker Realty - Newton ,https://www.redfin.com/MA/Newton/20-Wetherell-St-02464/unit-1/home/182509545
"96 Webster St #96, Newton, MA 02465","$2,050,000",5,5,5 days,Townhouse,Zahra Zoglauer, • Berkshire Hathaway HomeServices Commonwealth Real Estate ,https://www.redfin.com/MA/Newton/96-Webster-St-02465/unit-96/home/179894040
"94 Webster St #94, Newton, MA 02465","$1,950,000",5,4.5,5 days,Townhouse,Zahra Zoglauer, • Berkshire Hathaway HomeServices Commonwealth Real Estate ,https://www.redfin.com/MA/Newton/94-Webster-St-02465/unit-94/home/179894021
"166 Webster St #166, Newton, MA 02465","$1,468,000",4,3.5,111 days,Townhouse,Deanna Salemme, • Coldwell Banker Realty - Newton ,https://www.redfin.com/MA/Newton/166-Webster-St-02465/unit-166/home/182000285
"7 Auburn St, Newton, MA 02465","$1,674,000",4,4.5,173 days,Single Family Residential,David Paez," • Boston International Real Estate, LLC ",https://www.redfin.com/MA/Newton/7-Auburn-St-02465/home/11430111
"7 Auburn St #7, Newton, MA 02465","$1,674,000",4,4.5,179 days,Townhouse,David Paez," • Boston International Real Estate, LLC ",https://www.redfin.com/MA/Newton/7-Auburn-St-02465/unit-7/home/179757786
"230 Austin #2, Newton, MA 02465","$2,149,000",4,4.5,208 days,Single Family Residential,Joelle Tomb, • Engel & Volkers Wellesley ,https://www.redfin.com/MA/West-Newton/230-Austin-St-02465/unit-2/home/180258777
"230 Austin #1, Newton, MA 02465","$2,149,000",4,4.5,208 days,Single Family Residential,Joelle Tomb, • Engel & Volkers Wellesley ,https://www.redfin.com/MA/West-Newton/230-Austin-St-02465/unit-1/home/180258951
"60 Howland Rd, Newton, MA 02465","$6,995,000",7,8,213 days,Single Family Residential,Beth Dickerson, • Gibson Sotheby's International Realty ,https://www.redfin.com/MA/Newton/60-Howland-Rd-02465/home/11428905
"10 Elberta, Newton, MA 02466","$2,350,000",5,6.5,4 days,Single Family Residential,Darlene Umina," • Lamacchia Realty, Inc. ",https://www.redfin.com/MA/Auburndale/10-Elberta-Ter-02466/home/11436248
"62-64 Rowe St Unit A, Newton, MA 02466","$929,000",3,3,13 days,Townhouse,Gloria Conviser, • Keller Williams Realty ,https://www.redfin.com/MA/Auburndale/62-Rowe-St-02466/unit-A/home/11443428
"51 Oakland Ave, Newton, MA 02466","$2,200,000",6,4.5,14 days,Single Family Residential,Kevin Caulfield, • Compass ,https://www.redfin.com/MA/Auburndale/51-Oakland-Ave-02466/home/11435536
"37-39 Bencliffe Cir, Newton, MA 02466","$1,375,000",5,3.5,30 days,Multi-Family (2-4 Unit),Robert Einhorn, • Robert Einhorn ,https://www.redfin.com/MA/Auburndale/37-Bencliffe-Cir-02466/home/182847293
"2234-2236 Commonwealth Ave #2236, Newton, MA 02466","$949,000",3,2,40 days,Condo,Judith Oriel, • Coldwell Banker Realty - Newton ,https://www.redfin.com/MA/Auburndale/2234-Commonwealth-Ave-02466/unit-2236/home/178655158
"39 Bencliffe Cir, Newton, MA 02466","$1,375,000",5,3.5,43 days,Single Family Residential,Robert Einhorn, • Robert Einhorn ,https://www.redfin.com/MA/Auburndale/39-Bencliffe-Cir-02466/home/11495407
"27 Oakwood Rd, Newton, MA 02466","$1,395,000",5,2,61 days,Single Family Residential,Nicole Stabnikov, • Red Tree Real Estate ,https://www.redfin.com/MA/Auburndale/27-Oakwood-Rd-02466/home/11440621
"65 Woodbine St, Newton, MA 02466","$1,100,000",4,2.5,108 days,Single Family Residential,Cynthia Lanciloti, • Kraft Fine Homes ,https://www.redfin.com/MA/Auburndale/65-Woodbine-St-02466/home/11436117
"118 Woodland Rd, Brookline, MA 02467","$9,950,000",7,7.5,5 days,Single Family Residential,Erin Baumgartner, • Compass ,https://www.redfin.com/MA/Chestnut-Hill/118-Woodland-Rd-02467/home/11500483
"131 South St, Brookline, MA 02467","$895,000",3,1,6 days,Single Family Residential,The Cobi Team, • William Raveis R. E. & Home Services ,https://www.redfin.com/MA/Chestnut-Hill/131-South-St-02467/home/11495359
"210 Allandale Rd Unit 2D, Boston, MA 02467","$1,325,000",2,2.5,6 days,Condo,Barbara Shea, • Shea Realty Group ,https://www.redfin.com/MA/Chestnut-Hill/210-Allandale-Rd-02467/unit-2D/home/9300062
"27-29 Commonwealth Ave #5, Newton, MA 02467","$550,000",1,1,11 days,Condo,Monica & Clio Team, • Chin Law Offices ,https://www.redfin.com/MA/Chestnut-Hill/27-Commonwealth-Ave-02467/unit-5/home/19003453
"630 Hammond St #305, Brookline, MA 02467","$1,499,000",2,2,12 days,Condo,Sarina Steinmetz, • William Raveis R.E. & Home Services ,https://www.redfin.com/MA/Chestnut-Hill/630-Hammond-St-02467/unit-305/home/11503410
"39 Clyde St, Brookline, MA 02467","$7,700,000",8,6.5,18 days,Single Family Residential, • Redfin Corp. ,•,https://www.redfin.com/MA/Chestnut-Hill/39-Clyde-St-02467/home/11500278
"49 Louise Rd #49, Newton, MA 02467","$2,149,000",5,4.5,37 days,Townhouse,Anya Kogan, • Luxury Realty Partners ,https://www.redfin.com/MA/Chestnut-Hill/49-Louise-Rd-02467/unit-49/home/179179309
"49 Louise Rd, Newton, MA 02467","$2,149,000",5,4.5,39 days,Single Family Residential,Anya Kogan, • Luxury Realty Partners ,https://www.redfin.com/MA/Chestnut-Hill/49-Louise-Rd-02467/home/11483417
"50 Beacon St, Newton, MA 02467","$4,400,000",5,6,42 days,Single Family Residential,Post Advisory Group, • Engel & Volkers Boston ,https://www.redfin.com/MA/Chestnut-Hill/50-Beacon-St-02467/home/11464033
"20 Hammond Pond Pkwy #14, Newton, MA 02467","$509,900",1,1,61 days,Condo,William Concannon, • Louise Condon Realty ,https://www.redfin.com/MA/Chestnut-Hill/20-Hammond-Pond-Pkwy-02467/unit-14/home/11481960
"247 West Roxbury Pkwy, Boston, MA 02467","$899,000",3,1.5,69 days,Single Family Residential,Michael Rothstein, • Hammond Residential Real Estate ,https://www.redfin.com/MA/Chestnut-Hill/247-W-Roxbury-Pkwy-02467/home/9201893
"2 Hammond Pond Pkwy #601, Newton, MA 02467","$938,000",3,2,77 days,Condo,Boston Raw Luxury Group, • William Raveis R.E. & Home Services ,https://www.redfin.com/MA/Chestnut-Hill/2-Hammond-Pond-Pkwy-02467/unit-601/home/11481784
"630 Hammond St #104, Brookline, MA 02467","$1,200,000",2,2,88 days,Condo,Hope McDermott, • Hope McDermott Real Estate ,https://www.redfin.com/MA/Chestnut-Hill/630-Hammond-St-02467/unit-104/home/11503202
"803-807 Boylston St, Brookline, MA 02467","$2,500,000",7,6,91 days,Multi-Family (2-4 Unit),Mei Zhou, • Coldwell Banker Realty - Andover ,https://www.redfin.com/MA/Chestnut-Hill/803-Boylston-St-02467/home/18955768
"250 Hammond Pond Pkwy Unit 702N, Newton, MA 02467","$765,000",2,2,95 days,Condo,Ilene Solomon, • Coldwell Banker Realty - Newton ,https://www.redfin.com/MA/Chestnut-Hill/250-Hammond-Pond-Pkwy-02467/unit-702N/home/11498359
"8 Moody St, Newton, MA 02467","$2,695,000",6,5.5,95 days,Single Family Residential,Todd Glaskin, • Coldwell Banker Realty - Newton ,https://www.redfin.com/MA/Chestnut-Hill/8-Moody-St-02467/home/182303580
"4 Moody St, Newton, MA 02467","$2,895,000",5,5.5,95 days,Single Family Residential,Todd Glaskin, • Coldwell Banker Realty - Newton ,https://www.redfin.com/MA/Chestnut-Hill/4-Moody-St-02467/home/182303506
"250 Hammond Pond Pkwy Unit 1114S, Newton, MA 02467","$799,000",2,2,144 days,Condo,Richard C. Dore, • Hammond Residential Real Estate ,https://www.redfin.com/MA/Chestnut-Hill/250-Hammond-Pond-Pkwy-02467/unit-1114S/home/11468678
"35 Commonwealth Ave #106, Newton, MA 02467","$759,900",2,2,153 days,Condo,Team Lillian Montalto, • Lillian Montalto Signature Properties ,https://www.redfin.com/MA/Chestnut-Hill/35-Commonwealth-Ave-02467/unit-106/home/28456814
"34 Tanglewood Rd #34, Newton, MA 02459","$1,425,000",3,2.5,4 days,Townhouse,Natasha Roberts, • Hammond Residential Real Estate ,https://www.redfin.com/MA/Chestnut-Hill/34-Tanglewood-Rd-02467/unit-34/home/136849690
"15 Laura Rd, Newton, MA 02468","$2,997,000",5,5.5,12 days,Single Family Residential,Krongel & Paul, • Hammond Residential Real Estate ,https://www.redfin.com/MA/Waban/15-Laura-Rd-02468/home/11457254
"20 Kinmonth Rd #104, Newton, MA 02468","$1,475,000",2,2,12 days,Condo,The Jeff Groper Group, • Coldwell Banker Realty - Newton ,https://www.redfin.com/MA/Waban/20-Kinmonth-Rd-02468/unit-104/home/183647315
"36 Silver Birch Rd, Newton, MA 02468","$3,998,000",6,7.5,61 days,Single Family Residential,Anya Kogan, • Luxury Realty Partners ,https://www.redfin.com/MA/Waban/36-Silver-Birch-Rd-02468/home/11452750
"20 Kinmonth Rd #106, Newton, MA 02468","$998,000",1,1.5,74 days,Condo,The Jeff Groper Group, • Coldwell Banker Realty - Newton ,https://www.redfin.com/MA/Waban/20-Kinmonth-Rd-02468/unit-106/home/182610439
"20 Kinmonth Rd #203, Newton, MA 02468","$1,048,000",1,1.5,81 days,Condo,The Jeff Groper Group, • Coldwell Banker Realty - Newton ,https://www.redfin.com/MA/Waban/20-Kinmonth-Rd-02468/unit-203/home/182511802
"115 Windsor Rd, Newton, MA 02468","$1,825,000",5,2.5,89 days,Single Family Residential,Susan Evans, • Hammond Residential Real Estate ,https://www.redfin.com/MA/Waban/115-Windsor-Rd-02468/home/11452153
"12 Owaisa Rd, Newton, MA 02468","$4,649,000",6,5.5,90 days,Single Family Residential,Carol Vaghar, • Coldwell Banker Realty - Newton ,https://www.redfin.com/MA/Waban/12-Owaisa-Rd-02468/home/76480712
"20 Kinmonth Rd Ph 8, Newton, MA 02468","$1,150,000",1,1.5,95 days,Condo,The Jeff Groper Group, • Coldwell Banker Realty - Newton ,https://www.redfin.com/MA/Waban/20-Kinmonth-Rd-02468/unit-8/home/182308839
"20 Kinmonth Rd Ph 5, Newton, MA 02468","$1,848,000",3,3,95 days,Condo,The Jeff Groper Group, • Coldwell Banker Realty - Newton ,https://www.redfin.com/MA/Waban/20-Kinmonth-Rd-02468/unit-5/home/182308246
"197 Nehoiden Rd, Newton, MA 02468","$4,250,000",6,6.5,123 days,Single Family Residential,Chris Kostopoulos Group, • Keller Williams Realty ,https://www.redfin.com/MA/Waban/197-Nehoiden-Rd-02468/home/11456543
"1192 Beacon Unit A, Newton, MA 02468","$2,295,000",3,4.5,83 days,Townhouse,Kathryn Alphas Richlen, • Coldwell Banker Realty - Weston ,https://www.redfin.com/MA/Waban/1192-Beacon-St-02468/unit-A/home/39890785
"28 Winchester Dr, Lexington, MA 02420","$3,695,000",6,6.5,2 days,Single Family Residential,Kim Covino & Co. Team, • Compass ,https://www.redfin.com/MA/Lexington/28-Winchester-Dr-02420/home/8563324
"39 Somerset Rd, Lexington, MA 02420","$1,895,000",3,2,10 days,Single Family Residential,Andrea Jackson, • Barrett Sotheby's International Realty ,https://www.redfin.com/MA/Lexington/39-Somerset-Rd-02420/home/8570216
"30 Burroughs Rd, Lexington, MA 02420","$4,850,000",5,6.5,10 days,Single Family Residential,Elizabeth Crampton, • Coldwell Banker Realty - Lexington ,https://www.redfin.com/MA/Lexington/30-Burroughs-Rd-02420/home/8577076
"385 Lowell St, Lexington, MA 02420","$2,488,000",6,5,11 days,Single Family Residential,Ann Marie Barr, • Barrett Sotheby's International Realty ,https://www.redfin.com/MA/Lexington/385-Lowell-St-02420/home/8563617
"267 Lowell St, Lexington, MA 02420","$2,575,000",5,4.5,33 days,Single Family Residential,Ann Marie Barr, • Barrett Sotheby's International Realty ,https://www.redfin.com/MA/Lexington/267-Lowell-St-02420/home/8558076
"7 Blueberry Ln, Lexington, MA 02420","$4,300,000",6,6.5,47 days,Single Family Residential,Frances Allegra, • Advisors Living - Arlington ,https://www.redfin.com/MA/Lexington/7-Blueberry-Ln-02420/home/8563460
"905C Massachusetts, Lexington, MA 02420","$899,000",3,2,47 days,Multi-Family (2-4 Unit),Frederica Tassis, • Century 21 North East ,https://www.redfin.com/MA/Lexington/905C-Massachusetts-Ave-02420/home/143800243
"77 Winter St, Lexington, MA 02420","$1,499,000",4,3,59 days,Single Family Residential,Heejeong Joo," • Blue Ocean Realty, LLC ",https://www.redfin.com/MA/Lexington/77-Winter-St-02420/home/8586219
"303 Woburn St, Lexington, MA 02420","$2,598,000",6,5.5,74 days,Single Family Residential,Zahra Zoglauer, • Berkshire Hathaway HomeServices Commonwealth Real Estate ,https://www.redfin.com/MA/Lexington/303-Woburn-St-02420/home/11381582
"4 Mill Brook Rd, Lexington, MA 02420","$3,495,000",6,6,82 days,Single Family Residential,Judith Alexander, • Barrett Sotheby's International Realty ,https://www.redfin.com/MA/Lexington/4-Mill-Brook-Rd-02420/home/8577634
"4 Revere St, Lexington, MA 02420","$3,750,000",5,6.5,101 days,Single Family Residential,Beth Sager Group, • Keller Williams Realty Boston Northwest ,https://www.redfin.com/MA/Lexington/4-Revere-St-02420/home/8575553
"26 Cliffe Ave, Lexington, MA 02420","$899,000",3,2,101 days,Single Family Residential,Alpha Group, • Compass ,https://www.redfin.com/MA/Lexington/26-Cliffe-Ave-02420/home/8549509
"20 Harding Rd, Lexington, MA 02420","$2,850,000",5,5.5,123 days,Single Family Residential,Beth Sager Group, • Keller Williams Realty Boston Northwest ,https://www.redfin.com/MA/Lexington/20-Harding-Rd-02420/home/8579351
"374 Lowell St, Lexington, MA 02420","$2,769,000",5,6.5,144 days,Single Family Residential,Jack Andrellos, • Berkshire Hathaway HomeServices Commonwealth Real Estate ,https://www.redfin.com/MA/Lexington/374-Lowell-St-02420/home/8563930
"10 Carriage Dr, Lexington, MA 02420","$3,288,000",6,6.5,150 days,Single Family Residential,Sam and Wantzu, • Barrett Sotheby's International Realty ,https://www.redfin.com/MA/Lexington/10-Carriage-Dr-02420/home/8586983
"85 Hancock St, Lexington, MA 02420","$3,950,000",6,6,172 days,Single Family Residential,John Boyle," • LandVest, Inc., Concord ",https://www.redfin.com/MA/Lexington/85-Hancock-St-02420/home/8541204
"99 Bow St, Lexington, MA 02420","$724,999",3,1,180 days,Single Family Residential,Monica Rahman, • LAER Realty Partners ,https://www.redfin.com/MA/Lexington/99-Bow-St-02420/home/8548711
"14 Scotland Rd, Lexington, MA 02420","$2,990,000",6,5,221 days,Single Family Residential,Team Lillian Montalto, • Lillian Montalto Signature Properties ,https://www.redfin.com/MA/Lexington/14-Scotland-Rd-02420/home/8563733
"24 Blueberry Ln, Lexington, MA 02420","$4,295,000",6,6.5,263 days,Single Family Residential,Beth Sager Group, • Keller Williams Realty Boston Northwest ,https://www.redfin.com/MA/Lexington/24-Blueberry-Ln-02420/home/8563113
"15 Linmoor Ter, Lexington, MA 02420","$2,699,000",6,6,271 days,Single Family Residential,Karen Adelson, • Barrett Sotheby's International Realty ,https://www.redfin.com/MA/Lexington/15-Linmoor-Ter-02420/home/8578854
"370 Massachusetts Ave #2, Lexington, MA 02420","$1,250,000",3,3.5,46 days,Townhouse,Jack Andrellos, • Berkshire Hathaway HomeServices Commonwealth Real Estate ,https://www.redfin.com/MA/Lexington/370-Massachusetts-Ave-02420/unit-2/home/178645858
"5 Cedarwood Ter, Lexington, MA 02421","$4,998,000",8,8.5,4 days,Single Family Residential,Judith Alexander, • Barrett Sotheby's International Realty ,https://www.redfin.com/MA/Lexington/5-Cedarwood-Ter-02421/home/8550990
"20 Ellison Rd, Lexington, MA 02421","$2,387,000",6,5.5,5 days,Single Family Residential,Elizabeth Crampton, • Coldwell Banker Realty - Lexington ,https://www.redfin.com/MA/Lexington/20-Ellison-Rd-02421/home/8562062
"21 Ellison Rd, Lexington, MA 02421","$1,950,000",5,5.5,5 days,Single Family Residential,Candor Realty Group," • Four Points Real Estate, LLC ",https://www.redfin.com/MA/Lexington/21-Ellison-Rd-02421/home/11605331
"3 Meadow Brook Ave, Lexington, MA 02421","$2,698,000",5,5,5 days,Single Family Residential,The Debbie Spencer Group, • Keller Williams Realty Boston Northwest ,https://www.redfin.com/MA/Lexington/3-Meadow-Brook-Ave-02421/home/178966588
"33 Forest St #100, Lexington, MA 02421","$824,900",2,2,28 days,Condo,The Synergy Group, • The Synergy Group ,https://www.redfin.com/MA/Lexington/33-Forest-St-02421/unit-100/home/8540744
"1 Leroy Rd, Lexington, MA 02421","$2,188,000",5,5.5,31 days,Single Family Residential,Sam Pukitis, • Barrett Sotheby's International Realty ,https://www.redfin.com/MA/Lexington/1-Leroy-Rd-02421/home/11776259
"2 Effie Pl, Lexington, MA 02421","$1,245,000",—,—,46 days,Vacant Land,Elizabeth Crampton, • Coldwell Banker Realty - Lexington ,https://www.redfin.com/MA/Lexington/2-02421/home/183109325
"2 Leroy Rd, Lexington, MA 02421","$2,580,000",6,6.5,68 days,Single Family Residential,The Joyce Team, • Compass ,https://www.redfin.com/MA/Lexington/2-Leroy-Rd-02421/home/8562020
"76 Hill St, Lexington, MA 02421","$1,399,000",3,3,73 days,Single Family Residential,Jason Saphire, • www.HomeZu.com ,https://www.redfin.com/MA/Lexington/76-Hill-St-02421/home/8571522
"2 Effie Pl, Lexington, MA 02421","$3,845,000",6,5,74 days,Single Family Residential,Elizabeth Crampton, • Coldwell Banker Realty - Lexington ,https://www.redfin.com/MA/Lexington/2-02421/home/182615925
"15 Balfour St, Lexington, MA 02421","$2,550,000",5,4,91 days,Single Family Residential,Kristin Brown, • Coldwell Banker Realty - Lexington ,https://www.redfin.com/MA/Lexington/15-Balfour-St-02421/home/8572175
"203 Marrett Rd, Lexington, MA 02421","$3,095,000",6,5.5,94 days,Single Family Residential,Northeast Venture Group," • Stuart St James, Inc. ",https://www.redfin.com/MA/Lexington/203-Marrett-Rd-02421/home/8555226
"9 Bruce Rd, Lexington, MA 02421","$3,350,000",6,6.5,98 days,Single Family Residential,Robert Cohen, • Coldwell Banker Realty - Lexington ,https://www.redfin.com/MA/Lexington/9-Bruce-Rd-02421/home/8546937
"30 Hilltop Ave, Lexington, MA 02421","$3,189,000",6,6,104 days,Single Family Residential,Marina Belyea, • Compass ,https://www.redfin.com/MA/Lexington/30-Hilltop-Ave-02421/home/8551393
"12 Summit Rd, Lexington, MA 02421","$2,680,000",6,6.5,104 days,Single Family Residential,Jacquelyn Hawkinson, • Barrett Sotheby's International Realty ,https://www.redfin.com/MA/Lexington/12-Summit-Rd-02421/home/8540341
"309 Marrett Rd, Lexington, MA 02421","$1,650,000",5,4,117 days,Single Family Residential,Ali Dobrowolski, • Compass ,https://www.redfin.com/MA/Lexington/309-Marrett-Rd-02421/home/8554816
"1 Revolutionary Rd, Lexington, MA 02421","$3,350,000",5,6.5,140 days,Single Family Residential,Beth Sager Group, • Keller Williams Realty Boston Northwest ,https://www.redfin.com/MA/Lexington/1-Revolutionary-Rd-02421/home/8567969
"66 Seminole Ave, Waltham, MA 02451","$1,229,900",3,3,10 days,Single Family Residential,Steven Savarese, • Senne ,https://www.redfin.com/MA/Waltham/66-Seminole-Ave-02451/home/11802620
"8 Rosemont Ave, Waltham, MA 02451","$1,500,000",3,2,19 days,Single Family Residential,Dana Fessenden," • Lamacchia Realty, Inc. ",https://www.redfin.com/MA/Waltham/8-Rosemont-Ave-02451/home/11802977
"53 Trimount Ave, Waltham, MA 02451","$1,500,000",—,—,19 days,Vacant Land,Dana Fessenden," • Lamacchia Realty, Inc. ",https://www.redfin.com/MA/Waltham/53-Trimount-Ave-02451/home/11802969
"27 Lincoln Woods Rd, Waltham, MA 02451","$1,499,000",4,2.5,40 days,Single Family Residential,Catherine Bella Skinner, • Coldwell Banker Realty - Lexington ,https://www.redfin.com/MA/Waltham/27-Lincoln-Woods-Rd-02451/home/11799527
"20 College Farm Rd, Waltham, MA 02451","$1,299,900",4,4.5,45 days,Single Family Residential,Dave DiGregorio, • Coldwell Banker Realty - Waltham ,https://www.redfin.com/MA/Waltham/20-College-Farm-Rd-02451/home/183152336
"148 Princeton Ave, Waltham, MA 02451","$589,999",4,1,59 days,Single Family Residential,Peter Scanlan, • Coldwell Banker Realty - Belmont ,https://www.redfin.com/MA/Waltham/148-Princeton-Ave-02451/home/11802892
"309 Dale St, Waltham, MA 02451","$929,000",4,2,76 days,Single Family Residential,Metropolitan Group, • Compass ,https://www.redfin.com/MA/Waltham/309-Dale-St-02451/home/11806049
"12 Grant Pl, Waltham, MA 02451","$679,900",3,2,82 days,Multi-Family (2-4 Unit),Cheryle West, • Coldwell Banker Realty - Waltham ,https://www.redfin.com/MA/Waltham/12-Grant-Pl-02451/home/11812087
"28 Princeton Ave, Waltham, MA 02452","$1,479,000",4,3.5,116 days,Single Family Residential,Dave DiGregorio, • Coldwell Banker Realty - Waltham ,https://www.redfin.com/MA/Waltham/28-Princeton-Ave-02451/home/11802011
"221 Worcester Ln #6, Waltham, MA 02451","$799,900",2,2,137 days,Condo,Dave DiGregorio, • Coldwell Banker Realty - Waltham ,https://www.redfin.com/MA/Waltham/221-Worcester-Ln-02451/unit-6/home/17143338
"0 Braemore, Waltham, MA 02451","$1,200,000",—,—,143 days,Vacant Land,Mark Sullivan, • T.A. Sullivan Agency Inc. ,https://www.redfin.com/MA/Waltham/0-Braemore-Rd-02451/home/183185978
"226 Worcester Ln, Waltham, MA 02451","$1,699,900",4,4.5,171 days,Single Family Residential,Dave DiGregorio, • Coldwell Banker Realty - Waltham ,https://www.redfin.com/MA/Waltham/226-Worcester-Ln-02451/home/178651618
"52 Pond St, Waltham, MA 02451","$699,000",3,2,7 days,Single Family Residential,Sarah Rose," • Blue Marble Group, Inc. ",https://www.redfin.com/MA/Waltham/52-Pond-St-02451/home/11809228
"24 Princeton Ave, Waltham, MA 02451","$1,249,000",3,3.5,14 days,Single Family Residential,Dave DiGregorio, • Coldwell Banker Realty - Waltham ,https://www.redfin.com/MA/Waltham/24-Princeton-Ave-02451/home/179698550
"14 Gormans Ct, Waltham, MA 02451","$449,000",4,1,81 days,Single Family Residential,Glenna Gelineau," • Gelineau & Associates, R.E. ",https://www.redfin.com/MA/Waltham/14-Gormans-Ct-02451/home/11812935
"181 School St, Waltham, MA 02451","$2,595,000",11,11,228 days,Multi-Family (5+ Unit),Glenna Gelineau," • Gelineau & Associates, R.E. ",https://www.redfin.com/MA/Waltham/181-School-St-02451/home/11812941
"207 Peter Spring Rd, Concord, MA 01742","$879,000",4,2,5 days,Single Family Residential,"Senkler, Pasley & Dowcett", • Coldwell Banker Realty - Concord ,https://www.redfin.com/MA/Concord/207-Peter-Spring-Rd-01742/home/11589010
"27 Potter St, Concord, MA 01742","$1,599,900",4,3,11 days,Single Family Residential,Brian Fitzpatrick, • Coldwell Banker Realty - Waltham ,https://www.redfin.com/MA/Concord/27-Potter-St-01742/home/11598580
"25 Chestnut St, Concord, MA 01742","$3,395,000",5,5.5,12 days,Single Family Residential,The Laura Baliestiero Team, • Coldwell Banker Realty - Concord ,https://www.redfin.com/MA/Concord/25-Chestnut-St-01742/home/11593911
"100 Keyes Rd #307, Concord, MA 01742","$585,000",1,1,35 days,Condo,Barbara Grande Bennett, • Coldwell Banker Realty - Concord ,https://www.redfin.com/MA/Concord/100-Keyes-Rd-01742/unit-307/home/11594387
"41 Mccallar Ln, Concord, MA 01742","$3,175,000",4,5.5,39 days,Single Family Residential,The Ridick Revis Group, • Compass ,https://www.redfin.com/MA/Concord/41-McCallar-LN-01742/home/177649730
"1279 Elm St, Concord, MA 01742","$725,000",3,2,72 days,Townhouse,None,None,https://www.redfin.com/MA/Concord/1279-Elm-St-01742/home/182657680
"278 Plainfield Rd, Concord, MA 01742","$1,550,000",3,2.5,73 days,Single Family Residential,Dave White, • OwnerEntry.com ,https://www.redfin.com/MA/Concord/278-Plainfield-Rd-01742/home/11601327
"11 Williams Rd, Concord, MA 01742","$3,649,000",5,5.5,96 days,Single Family Residential,The Zur Attias Team," • The Attias Group, LLC ",https://www.redfin.com/MA/Concord/11-Williams-Rd-01742/home/11598430
"20 Millrun Ln Unit 7B, Concord, MA 01742","$699,900",1,1.5,101 days,Condo,Knox Real Estate Group, • William Raveis R.E. & Home Services ,https://www.redfin.com/MA/Concord/20-Millrun-LN-01742/unit-7B/home/178102397
"66 Spencer Brook Rd, Concord, MA 01742","$3,985,000",5,6,107 days,Single Family Residential,Sharon Mendosa, • Compass ,https://www.redfin.com/MA/Concord/66-Spencer-Brook-Rd-01742/home/76478167
"135 Williams Rd, Concord, MA 01742","$2,750,000",4,5,108 days,Single Family Residential,Barrett & Comeau Group, • Barrett Sotheby's International Realty ,https://www.redfin.com/MA/Concord/135-Williams-Rd-01742/home/11599343
"55 Allen Farm Ln, Concord, MA 01742","$1,250,000",3,3,109 days,Single Family Residential,Joyce Crommett, • Coldwell Banker Realty - Northborough ,https://www.redfin.com/MA/Concord/55-Allen-Farm-Ln-01742/home/11591985
"99 Sudbury Rd, Concord, MA 01742","$1,649,000",5,4,131 days,Single Family Residential,Bob Champey, • William Raveis R.E. & Home Services ,https://www.redfin.com/MA/Concord/99-Sudbury-Rd-01742/home/11593165
"367 Fitchburg Tpke, Concord, MA 01742","$3,100,000",5,5,131 days,Single Family Residential,Judith Boland, • Coldwell Banker Realty - Concord ,https://www.redfin.com/MA/Concord/367-Fitchburg-Tpke-01742/home/177962396
"128 Fairhaven Rd, Concord, MA 01742","$1,995,000",4,4,185 days,Single Family Residential,Gail Walton, • Coldwell Banker Realty - Concord ,https://www.redfin.com/MA/Concord/128-Fairhaven-Rd-01742/home/11598555
"129 Cottage St, Concord, MA 01742","$2,169,000",4,4,194 days,Single Family Residential,Maurer Widell Team, • Barrett Sotheby's International Realty ,https://www.redfin.com/MA/Concord/129-Cottage-St-01742/home/11596526
"Lot-1 1134 Monument St, Concord, MA 01742","$1,975,000",—,—,317 days,Vacant Land,"Senkler, Pasley & Dowcett", • Coldwell Banker Realty - Concord ,https://www.redfin.com/MA/Concord/1134-Monument-St-01742/home/177962397
"129 Lexington Rd, Lincoln, MA 01773","$1,895,000",5,4.5,54 days,Single Family Residential,Anouald Marc, • Newity Realty ,https://www.redfin.com/MA/Lincoln/129-Lexington-Rd-01773/home/18615950
"80 Trapelo, Lincoln, MA 01773","$2,565,000",6,6,95 days,Single Family Residential,The Taylor Packineau Team, • Compass ,https://www.redfin.com/MA/Lincoln/80-Trapelo-Rd-01773/home/8553727
"38 Jarvis Cir, Needham, MA 02492","$2,849,000",5,5.5,4 days,Single Family Residential,Lena Voloshin, • Compass ,https://www.redfin.com/MA/Needham/38-Jarvis-Cir-02492/home/8931654
"76 Tudor Rd, Needham, MA 02492","$1,049,000",3,2.5,5 days,Single Family Residential,Yuwei Liao, • Hooli Homes Boston Inc. ,https://www.redfin.com/MA/Needham/76-Tudor-Rd-02492/home/11714034
"94 Heather Ln, Needham, MA 02492","$6,450,000",7,7,10 days,Single Family Residential,Jill Finkelstein & Associates, • Compass ,https://www.redfin.com/MA/Needham/94-Heather-Ln-02492/home/178448418
"70 Plymouth Rd, Needham, MA 02492","$1,999,000",4,3.5,12 days,Single Family Residential,Team Pearlstein, • Gibson Sotheby's International Realty ,https://www.redfin.com/MA/Needham/70-Plymouth-Rd-02492/home/8906441
"15 Winslow Rd, Needham, MA 02492","$2,400,000",6,6,21 days,Single Family Residential,Jason Saphire, • www.HomeZu.com ,https://www.redfin.com/MA/Needham/15-Winslow-Rd-02492/home/8938547
"834 Central Ave, Needham, MA 02492","$1,899,900",4,3.5,40 days,Single Family Residential,Maura Cutting, • Berkshire Hathaway HomeServices Commonwealth Real Estate ,https://www.redfin.com/MA/Needham/834-Central-Ave-02492/home/8931862
"153 Livingston Cir, Needham, MA 02492","$2,295,000",5,5.5,48 days,Single Family Residential,Amanda Armstrong Group, • Compass ,https://www.redfin.com/MA/Needham/153-Livingston-Cir-02492/home/8899294
"322 Warren St, Needham, MA 02492","$599,900",2,1,56 days,Single Family Residential,David Oliveri, • Berkshire Hathaway HomeServices Commonwealth Real Estate ,https://www.redfin.com/MA/Needham/322-Warren-St-02492/home/8910240
"52 Heather Ln, Needham, MA 02492","$4,500,000",5,6,62 days,Single Family Residential,Jill Finkelstein & Associates, • Compass ,https://www.redfin.com/MA/Needham/52-Heather-Ln-02492/home/182851871
"7 Gayland Rd, Needham, MA 02492","$974,900",4,1.5,88 days,Single Family Residential,Gary Acquah, • Real Estate Door ,https://www.redfin.com/MA/Needham/7-Gayland-Rd-02492/home/181483005
"26 Meetinghouse Cir, Needham, MA 02492","$1,350,000",4,3,95 days,Single Family Residential,Amy Gworek, • William Raveis R.E. & Home Services ,https://www.redfin.com/MA/Needham/26-Meetinghouse-Cir-02492/home/8932688
"969 South St, Needham, MA 02492","$3,650,000",5,3,104 days,Single Family Residential,Nest | Syndi Zaiger Group, • Compass ,https://www.redfin.com/MA/Needham/969-South-St-02492/home/8941046
"31 Hamlin Ln Apt A14, Needham, MA 02492","$513,000",2,1,120 days,Condo,None,None,https://www.redfin.com/MA/Needham/31-Hamlin-Ln-02492/unit-A14/home/11715612
"Lot 7 Belle Ln, Needham, MA 02492","$2,349,000",—,—,250 days,Vacant Land,Kaufman Realty Team, • Keller Williams Realty ,https://www.redfin.com/MA/Needham/Lot-7-Belle-LN-02492/home/179387029
"100 Rosemary Way #315, Needham, MA 02494","$429,900",1,2,4 days,Condo,Robin Spangenberg, • Redfin Corp. ,https://www.redfin.com/MA/Needham/100-Rosemary-Way-02494/unit-315/home/8926839
"400 Hunnewell Unit 103-104, Needham, MA 02494","$2,595,000",5,4,11 days,Condo,Todd Glaskin, • Coldwell Banker Realty - Newton ,https://www.redfin.com/MA/Needham-Heights/400-Hunnewell-St-02494/unit-103-104/home/183093434
"5 Roscoe, Needham, MA 02494","$2,499,000",5,4.5,11 days,Single Family Residential,Corkin Cantor Group, • Coldwell Banker Realty - Newton ,https://www.redfin.com/MA/Needham/5-Roscoe-St-02494/home/183674053
"547 Webster St, Needham, MA 02494","$2,674,900",6,6.5,45 days,Single Family Residential,Chadwick White, • Compass ,https://www.redfin.com/MA/Needham/547-Webster-St-02494/home/11827764
"400 Hunnewell St #103, Needham, MA 02494","$1,279,000",2,2,49 days,Condo,Patrice Clunan, • Coldwell Banker Realty - Brookline ,https://www.redfin.com/MA/Needham-Heights/400-Hunnewell-St-02494/unit-103/home/183047677
"26 Manning St, Needham, MA 02494","$2,450,000",5,5.5,54 days,Single Family Residential,Peter Doisneau," • Tower Hill Real Estate, LLC ",https://www.redfin.com/MA/Needham-Heights/26-Manning-St-02494/home/8918042
"212 Central Ave, Needham, MA 02494","$785,000",3,1.5,94 days,Single Family Residential,Leslie Kaplan, • Hammond Residential Real Estate ,https://www.redfin.com/MA/Needham-Heights/212-Central-Ave-02494/home/11715051
